{
    "D1": {
        "median": 0.0,
        "mad": 0.0
    },
    "D2": {
        "median": 0.0,
        "mad": 0.0
    },
    "D3": {
        "median": 0.0,
        "mad": 0.0
    },
    "D4": {
        "median": 1.0,
        "mad": 0.0
    },
    "D5": {
        "median": 0.0,
        "mad": 0.0
    },
    "D6": {
        "median": 0.0,
        "mad": 0.0
    },
    "D7": {
        "median": 0.0,
        "mad": 0.0
    },
    "D8": {
        "median": 0.0,
        "mad": 0.0
    },
    "D9": {
        "median": 0.0,
        "mad": 0.0
    },
    "E1": {
        "median": 1.9277834456064449,
        "mad": 0.4252328884042349
    },
    "E10": {
        "median": 0.177744708994709,
        "mad": 0.1292989417989415
    },
    "E11": {
        "median": 0.0082671957671957,
        "mad": 0.0114087301587302
    },
    "E12": {
        "median": 0.0066137566137566,
        "mad": 0.0046296296296297
    },
    "E13": {
        "median": 0.0049603174603174,
        "mad": 0.0026455026455026996
    },
    "E14": {
        "median": 0.0039682539682539,
        "mad": 0.0016534391534391993
    },
    "E15": {
        "median": 0.915839947089947,
        "mad": 0.04026124338624354
    },
    "E16": {
        "median": -0.5891394200088955,
        "mad": 0.1116171827112239
    },
    "E17": {
        "median": -0.6140702177368176,
        "mad": 0.18887239364154157
    },
    "E18": {
        "median": 0.22594491988875148,
        "mad": 0.2742131557664542
    },
    "E19": {
        "median": -0.366872036977901,
        "mad": 0.32431162164390703
    },
    "E2": {
        "median": 1.033602776689475,
        "mad": 0.35304534341165994
    },
    "E20": {
        "median": 1.35145865625935,
        "mad": 0.09776270284243505
    },
    "E3": {
        "median": 1.52084947615025,
        "mad": 0.38609986823949527
    },
    "E4": {
        "median": 0.0056216931216931,
        "mad": 0.0027281746031745996
    },
    "E5": {
        "median": 0.3311838624338625,
        "mad": 0.3361441798941801
    },
    "E6": {
        "median": 0.0213293650793651,
        "mad": 0.012152777777777827
    },
    "E7": {
        "median": -0.0120628569733015,
        "mad": 0.03271376180821993
    },
    "E8": {
        "median": -0.31879511339202404,
        "mad": 0.0074670696601145115
    },
    "E9": {
        "median": 0.8880621693121691,
        "mad": 0.09705687830687804
    },
    "I1": {
        "median": 0.511904761904762,
        "mad": 0.06332671957671948
    },
    "I2": {
        "median": 1.12223645659024,
        "mad": 0.11788395222031245
    },
    "I3": {
        "median": 0.266534391534392,
        "mad": 0.10185185185185175
    },
    "I4": {
        "median": 0.528439153439153,
        "mad": 0.04877645502645506
    },
    "I5": {
        "median": 0.822898302269158,
        "mad": 0.44594428166045247
    },
    "I6": {
        "median": 0.475198412698413,
        "mad": 0.09424603174603147
    },
    "I7": {
        "median": 0.5132275132275135,
        "mad": 0.08680555555555575
    },
    "I8": {
        "median": 0.5135582010582009,
        "mad": 0.07283399470899518
    },
    "I9": {
        "median": 0.821035181413561,
        "mad": 0.44743428347595404
    },
    "M1": {
        "median": -1.212007603698555,
        "mad": 0.23876308814958502
    },
    "M10": {
        "median": -0.569484294841307,
        "mad": 0.3499251412644152
    },
    "M11": {
        "median": -0.288635710352079,
        "mad": 0.22888749968917949
    },
    "M12": {
        "median": 0.2266923037950525,
        "mad": 0.13788948567127723
    },
    "M13": {
        "median": -1.36172759151978,
        "mad": 0.23062212051711006
    },
    "M14": {
        "median": -0.8626415027550155,
        "mad": 0.13009316995415898
    },
    "M15": {
        "median": 0.447089947089947,
        "mad": 0.2361111111111115
    },
    "M16": {
        "median": 0.621031746031746,
        "mad": 0.1994047619047625
    },
    "M17": {
        "median": 0.26306216931216897,
        "mad": 0.062086640211640495
    },
    "M18": {
        "median": 0.371527777777778,
        "mad": 0.12276785714285743
    },
    "M2": {
        "median": -0.043938454167484,
        "mad": 0.7277178466252907
    },
    "M3": {
        "median": 0.8233440882191265,
        "mad": 0.9563876034804467
    },
    "M4": {
        "median": 0.0682918458850269,
        "mad": 0.43596446706695996
    },
    "M5": {
        "median": 0.6841192343147124,
        "mad": 0.247016437721725
    },
    "M6": {
        "median": -0.212045758400073,
        "mad": 0.15236459856685924
    },
    "M7": {
        "median": -0.3097803316101315,
        "mad": 0.49697787977951124
    },
    "M8": {
        "median": 0.6565806878306879,
        "mad": 0.14541997354497377
    },
    "M9": {
        "median": 0.41745769422491896,
        "mad": 0.3283718268671265
    },
    "P1": {
        "median": 0.5735780423280425,
        "mad": 0.16005291005291028
    },
    "P10": {
        "median": 2.076497341632555,
        "mad": 0.1344165165222697
    },
    "P11": {
        "median": 2.129133348294685,
        "mad": 0.23768817675113973
    },
    "P12": {
        "median": 0.12923942249464848,
        "mad": 0.5597737114380612
    },
    "P13": {
        "median": 0.592592592592593,
        "mad": 0.22751322751322745
    },
    "P2": {
        "median": -1.3591806847251,
        "mad": 0.1607656012480725
    },
    "P3": {
        "median": 0.4616402116402115,
        "mad": 0.22552910052910052
    },
    "P4": {
        "median": 0.501488095238095,
        "mad": 0.24107142857142855
    },
    "P5": {
        "median": -0.19268443344477199,
        "mad": 0.4569357171188473
    },
    "P6": {
        "median": -0.263938104899825,
        "mad": 0.163969215169058
    },
    "P7": {
        "median": 0.192742168767006,
        "mad": 0.729795535186889
    },
    "P8": {
        "median": 1.794712833416705,
        "mad": 0.1750456398775474
    },
    "P9": {
        "median": 0.060515873015873,
        "mad": 0.0423280423280423
    },
    "S1": {
        "median": -0.34127640770445,
        "mad": 0.4979756222719172
    },
    "S10": {
        "median": 0.50462962962963,
        "mad": 0.31134259259259295
    },
    "S11": {
        "median": 0.459656084656085,
        "mad": 0.31481481481481455
    },
    "S12": {
        "median": 0.663196563362966,
        "mad": 0.6137958520882517
    },
    "S2": {
        "median": 0.0665625601915143,
        "mad": 0.47609507647585
    },
    "S3": {
        "median": -0.054667603815230795,
        "mad": 0.7186775008791382
    },
    "S4": {
        "median": 0.4923941798941795,
        "mad": 0.2881944444444443
    },
    "S5": {
        "median": 0.01261341771864325,
        "mad": 0.24291252039284178
    },
    "S6": {
        "median": 0.4462632275132275,
        "mad": 0.283151455026455
    },
    "S7": {
        "median": 0.399636243386243,
        "mad": 0.17807539682539697
    },
    "S8": {
        "median": 0.423877930109353,
        "mad": 0.3476169674619287
    },
    "S9": {
        "median": 0.6405423280423285,
        "mad": 0.2461144179894178
    },
    "V1": {
        "median": 0.390873015873016,
        "mad": 0.19725529100529077
    },
    "V10": {
        "median": -0.4949914280189225,
        "mad": 0.2465132162252445
    },
    "V11": {
        "median": 0.3840939153439155,
        "mad": 0.19692460317460325
    },
    "V12": {
        "median": 0.287367724867725,
        "mad": 0.204034391534392
    },
    "V13": {
        "median": -0.385843865493409,
        "mad": 0.15847468538495252
    },
    "V2": {
        "median": 0.48412698412698396,
        "mad": 0.2713293650793651
    },
    "V3": {
        "median": 0.4566798941798945,
        "mad": 0.24487433862433902
    },
    "V4": {
        "median": 0.412037037037037,
        "mad": 0.26554232804232814
    },
    "V5": {
        "median": 1.12353712415622,
        "mad": 0.8891229161988286
    },