{
    "config": "configs/baseline.yaml",
    "variant": "conservative",
    "k": 1.5,
    "sharpe": 0.5936582935165731,
    "stress_tests": {
        "early_period": {
            "sharpe": 0.7818535253262081,
            "max_drawdown": -0.09862767981466082
        },
        "mid_period": {
            "sharpe": 0.554677219568923,
            "max_drawdown": -0.2365795758335323
        },
        "late_period": {
            "sharpe": 0.5844783790551253,
            "max_drawdown": -0.3013961410689299
        }
    },
    "validation": {
        "overall_sharpe": 0.5936582935165731,
        "early_sharpe": 0.7818535253262081,
        "mid_sharpe": 0.554677219568923,
        "late_sharpe": 0.5844783790551253,
        "max_drawdown": -0.3013961410689299,
        "targets": {
            "overall_sharpe_target": 0.36,
            "late_sharpe_target": 0.1,
            "max_drawdown_target": -0.25
        }
    },
    "git_commit": "8c434e5a7b1c1183571b3a6659ff32bc1c458ae0",
    "timestamp": "2025-09-18T11:21:33.223947"
}